Title,Link,Image_URL,Basic_Title,Description,Basic_Description,Price
I will provide full UK SEO service with link building and citations,https://www.fiverr.com/ukseoguy/provide-4-uk-seo-gigs-in-1-citations-directories-and-links?context_referrer=subcategory_listing&source=pagination&ref_ctx_id=364dcfe87b194542bb50b19024e1a3a0&pckg_id=1&pos=1&context_type=rating&funnel=364dcfe87b194542bb50b19024e1a3a0&seller_online=true&imp_id=efbcd8d4-62bf-44a9-9655-b9de79c6eb33,"https://fiverr-res.cloudinary.com/images/t_main1,q_auto,f_auto,q_auto,f_auto/gigs/142224971/original/3a9b07ddaa6ad373252dea0bc77c0388345478b6/provide-4-uk-seo-gigs-in-1-citations-directories-and-links.png",UK SEO Starter Link Building,"Looking for a trusted **UK SEO service** that delivers real results? I'm a UK national and one of the most experienced UK digital marketing freelancers on Fiverr. This gig combines all my proven SEO methods into one package, giving you a **complete link building solution** for UK search visibility.

With this service you'll get:

* Local directory citations that build trust and relevance
* Contextual UK backlinks in keyword-focused articles
* High DA redirects and authority signals Google values
* Google links, with News posts from Standard tier
* Optional .com contextual links and indexing in the Elite package

Choose the level that suits your goals:

**Starter** perfect for building a solid base of authority and links

**Growth** expands your profile with more redirects and Google News coverage

**Elite** the full campaign, maximising authority with the complete mix of link types

The backlinks are **manual, contextual and permanent**. No spam or shortcuts just **quality UK link building** built for **long-term growth**. This **UK SEO service** works for **local SEO**, **UK e-commerce**, **national firms** and **international sites** needing strong **UK citations and visibility**. It provides the **foundations and authority signals Google trusts**.","5 directories, 10 uk links, 1 redirect, 10 Google links. Targets 3 keywords",155.0
I will do monthly local SEO service for google rankings,https://www.fiverr.com/best_seo/do-senuke-service-to-create-hummingbird-seo-backlinks?context_referrer=subcategory_listing&source=pagination&ref_ctx_id=364dcfe87b194542bb50b19024e1a3a0&pckg_id=1&pos=2&context_type=rating&funnel=364dcfe87b194542bb50b19024e1a3a0&imp_id=29574fc1-dd30-40e2-b731-7b47c955e8ad,"https://fiverr-res.cloudinary.com/videos/so_21.631856,t_main1,q_auto,f_auto/vuj12fnar37lhhgbjmqt/do-senuke-service-to-create-hummingbird-seo-backlinks.png",,"Finally, you have found a full-service **Local SEO Service** gig loved by **13,000+ buyers**.

**S.E.O is not a once-off service.** The website of your local business needs regular S.E.O. to achieve Google rankings.

That is why I am offering a **monthly Local SEO service**.

**GOALS:**

My #1 goal is to get your site more organic search traffic from Google through local business S E O. With this, your site will **increase its lead volume, sales, and revenue.**

**KEY PERFORMANCE INDICATORS (KPIs):**

1. Keyword ranking
2. Increase in domain authority
3. Growth in website traffic.

**SCOPE OF WORK:**

1. Technical S E O Audit
2. Keyword Research
3. Competitor Research
4. Finding backlinks opportunities
5. Local Optimization of the site (On-Page S E O)
6. Build Backlinks (Off-Page S E O)
7. Build Local S E O Citations

**REPORTING:**

Weekly Update and Monthly Report with deliverables and performance from your local S.E.O. expert.

**EXPECTATIONS:**

Work + Patience = Compounded S E O Results

Effective S.E.O campaigns are about doing the right work, being patient, and watching your organic traffic and Google ranking grow over time.

Most campaigns take 6-12 months.

Thanks,

Ravi Sharma",**Basic Package** See here - https://bit.ly/3wkuSP5,345.0
"I will do 19,950 google maps and rank business in local 3 pack",https://www.fiverr.com/sun_re/google-maps-citations-for-gmb-ranking-and-local-seo?context_referrer=subcategory_listing&source=pagination&ref_ctx_id=364dcfe87b194542bb50b19024e1a3a0&pckg_id=1&pos=3&context_type=rating&funnel=364dcfe87b194542bb50b19024e1a3a0&seller_online=true&imp_id=0c117ed6-7808-40ea-977e-d7ebdf6d654b,"https://fiverr-res.cloudinary.com/images/t_main1,q_auto,f_auto,q_auto,f_auto/gigs/217353636/original/508e3ae3790ac4d8e76b38b9dfda227506c8d656/google-maps-citations-for-gmb-ranking-and-local-seo.png",STRONG,"**Our white-hat-safe google local SEO gig will dominate your local ranking**

**As evidenced by our 700+ reviews on Fiverr, we have established ourselves as a top-tier seller on Fiverr**

We have successfully implemented our ultra google safe white hat S E O strategy to rank multiple local businesses and brands.

Our **local SEO strategy** can help to rank any business from **ZERO to HERO with 100% safe techniques.**

**We offer 3 packages:**

**Basic**

20 Miles radius cover in maps

3000 Dominating Map citations

30 Web 2.0 Backlinks

**Standard**

60 Miles radius cover in maps

15,000 Dominating Map citations

150 Web 2.0 Backlinks

**Rank Booster Package**

100 Miles radius cover in maps

20,000 Dominating Map citations

300 Web 2.0 Backlinks

On-page optimization

**The first gig on Fiverr with 100% safe white hat Optimization**

**Get started now or contact us for more details.**","20 Miles radius cover, 3000 Dominating Map citations,, 5 keywords",15.0
I will submit your business to 300 USA local citation directories,https://www.fiverr.com/manifs/do-top-300-usa-local-citations-and-directory-submission?context_referrer=subcategory_listing&source=pagination&ref_ctx_id=364dcfe87b194542bb50b19024e1a3a0&pckg_id=1&pos=5&context_type=rating&funnel=364dcfe87b194542bb50b19024e1a3a0&imp_id=9b8120e6-1294-4bde-bb0a-454e0f62bd29,"https://fiverr-res.cloudinary.com/images/t_main1,q_auto,f_auto,q_auto,f_auto/gigs/353892951/original/9bda5d5917e1dc57647e9b9c62462360fa1b51e4/do-top-300-usa-local-citations-and-directory-submission.jpg",Top 50 live USA Local Citations,"**Get Your Business Listed in 300 USA Local Citation Directories!**

ÔªøWant to make sure your business is easily found online? I will submit your business to **300 trusted USA Local Citation Directories**. Local citations are important for building consistency across the web, and Ill ensure your business is listed in popular, high-quality directories to improve its online presence.

**What You'll Get:**

* **300 Submissions** to well-known local directories
* **NAP Consistency**: Your Name, Address, and Phone number will be consistent across all directories
* **Detailed Excel Report** with all listings, login details, and directory links
* **Fast and Reliable Service**: Ill make sure everything is done correctly and delivered on time

**Why Choose Me?**

* **Popular Directories**: I only submit to trusted and widely recognized directories
* **NAP Consistency**: I ensure your business info is accurate and consistent across all listings
* **Detailed Reporting**: You'll get a full Excel report with all the necessary information
* **Customer Care**: I'm here to make sure you're happy with the service and answer any questions

**Order now and lets get your business listed in trusted local directories!**",I‚Äôll submit your business to the top 50 USA local citations and provide a detailed Excel report.,5.0
I will do high da pa 490 uk local citations uk directory submission,https://www.fiverr.com/nasir7878/do-high-da-local-citations-uk-directory-submission-and-search-engine-submission?context_referrer=subcategory_listing&source=pagination&ref_ctx_id=364dcfe87b194542bb50b19024e1a3a0&pckg_id=1&pos=6&context_type=rating&funnel=364dcfe87b194542bb50b19024e1a3a0&imp_id=d0f6135b-2490-45f5-962f-fadbd7c4c3b8,"https://fiverr-res.cloudinary.com/images/t_main1,q_auto,f_auto,q_auto,f_auto/gigs/175809367/original/4b8d6460f8e297e6cb357821c0d4f34fd4254b52/do-high-da-local-citations-uk-directory-submission-and-search-engine-submission.jpeg",,"Hi,

Warm Welcome to my UK Local Business Listing gig!

If you want to list your business at High Authority UK Web Directories for **Directory Submission** as **Local Citations** then I can do that for you.

I have been doing this for 7+ years.

I work on 100% consistency and quality.

It will improve your website Rankings.

Get High Authority UK web directory premium listings on the Central Index uk-based network!

Shining Features:

* Top High DA UK Web directory sites
* 480-500 listings on the top-notch Central Index updated business directory network.
* Verified business listings
* Full directory submission listings report
* All manual submission work
* Fully Compatible with Google guidelines.
* White hat Link Building
* Provide a detailed report of directory submission
* Long-term stable links.

This service will build an excellent foundation for your reputation locally and help you soar above your competitors in¬†**Local Citation** searches.

So, what are you waiting for?

**Get in touch right now!**

**Before Order ==> You may request SAM**P**LE UK Web Directory Listings, it's better.**

(***Note:*** **We don't work for porn, adult, or sex websites.**Please don't order for these sites)**.**",**Basic Package** 250 Listings in high authority UK web directories,30.0
I will do manually top 40 brightlocal citation,https://www.fiverr.com/mishukmondol/do-manually-top-15-local-citations?context_referrer=subcategory_listing&source=pagination&ref_ctx_id=364dcfe87b194542bb50b19024e1a3a0&pckg_id=1&pos=7&context_type=rating&funnel=364dcfe87b194542bb50b19024e1a3a0&imp_id=3570d926-0405-4331-b661-ad445a2651c3,"https://fiverr-res.cloudinary.com/images/t_main1,q_auto,f_auto,q_auto,f_auto/gigs/66750326/original/15ece9d319abd97b1ce8d64dea3ef4f468eb565b/do-manually-top-15-local-citations.png",Will do from Brightlocal,"Hi,

I will manually do Top Brightlocal Citation in the UK, US, Canada, Australia, New Zealand¬†and any other country. Local Citations with backlinks to your Local Business Website.

Local citations are highly important if you want your Local business to rank in local search results and boost you in Google Places.

It's very helpful¬†for your¬†Business Website:

Increase Social Buzz in Local Area

NAP from Google Maps

Large number of Social Signals

Rank higher your local business

Give you local business boost

Best for Local and Maps ranking

Thank you!",40 local citations for any country,20.0
I will do 350 india local citations and directory submission for local SEO,https://www.fiverr.com/zulqarnain_001/do-top-india-local-citations-and-directory-submission?context_referrer=subcategory_listing&source=pagination&ref_ctx_id=364dcfe87b194542bb50b19024e1a3a0&pckg_id=1&pos=9&context_type=rating&funnel=364dcfe87b194542bb50b19024e1a3a0&imp_id=f09dd077-90cc-4e63-9711-52f64185676e,"https://fiverr-res.cloudinary.com/images/t_main1,q_auto,f_auto,q_auto,f_auto/gigs/238061608/original/d0d051710b37b15e639d535dc6079e0bed62b715/do-top-india-local-citations-and-directory-submission.jpg",BASIC,"**Are you looking to improve your business visibility in Indias local search results? Youve come to the right place!**

I will manually create **350 high-quality Indian local citations and directory submissions** with 100% accurate business details (NAP Name, Address, Phone). These local listings help your business appear in **Google Maps**, improve local rankings, and attract more customers who are searching for services near them.

**What You'll Get:**

350 Manual Local Citations from trusted Indian directories

100% NAP Consistency across all listings

Duplicate check before every submission

Detailed Excel report with live citations URLs

Permanent backlinks from Indian directories

Boost in Google Maps and local search visibility

NAP (Name, Address, Phone) consistency across all listings

24/7 lifetime support

**Benefits of This Service:**

Strengthen your local SEO presence

Improve rankings in Indian search results

Gain more calls, traffic, and local customers

Build trust and authority with accurate listings

Whether you're a **local shop, startup, or service provider**, these citations will help your business grow online.

Let's **get started order now** and dominate Indian **local search!**

**ZQS Citations**",50 TOP Citations + Manual Submission + NAP Consistency + Login Credentials + Using Social Links,5.0
I will do top 350 canada local citation and directory submission,https://www.fiverr.com/wotson1/do-canada-local-citations-canada-business-listing-for-local-seo?context_referrer=subcategory_listing&source=pagination&ref_ctx_id=364dcfe87b194542bb50b19024e1a3a0&pckg_id=1&pos=10&context_type=rating&funnel=364dcfe87b194542bb50b19024e1a3a0&imp_id=9c4f5806-36e7-4c11-88a4-10e9f8a77b29,"https://fiverr-res.cloudinary.com/images/t_main1,q_auto,f_auto,q_auto,f_auto/gigs/274330669/original/3bd87bc4e31519a5a6df8b8c7e91bc553777610d/do-canada-local-citations-canada-business-listing-for-local-seo.jpg",50 Local citations For Canada,"Need an Honest and Reliable Local Listing SEO Expert? hink about what you are perfectly located. Kindly see my experience below and the extra gigs I have to offer. I will do my best to ship your order as soon as possible. I will list your business physically in the TOP USA local directories.

Citation helps people find local businesses and can also affect local search engine rankings. High-quality headlines, in particular, can help you rank well on Google's local search surface. Local businesses can actively manage various offers to ensure information accuracy.

**Features:**

* 100 percent NAP Consistency.
* 100 percent Data Security.
* Full Login Report with excel After Project.
* High DA & PA Local Citations & listings.
* The duplicate will check for every listing.

**Required information : -**

1. Business name
2. Full Address
3. Phone number
4. Website
5. Keywords
6. Description
7. Logo

**\*Kindly get in touch with me prior to setting an order.\***",I Will do High Pages 50 Canada Submissions with Login Details for each listing,5.0
I will do best ireland local citations submissions,https://www.fiverr.com/localseoexpert1/do-best-ireland-local-citations-submissions?context_referrer=subcategory_listing&source=pagination&ref_ctx_id=364dcfe87b194542bb50b19024e1a3a0&pckg_id=1&pos=11&context_type=rating&funnel=364dcfe87b194542bb50b19024e1a3a0&imp_id=aaa9927e-479c-4469-82bf-1d88ce6f6107,"https://fiverr-res.cloudinary.com/images/t_main1,q_auto,f_auto,q_auto,f_auto/gigs/97575647/original/f51cd9432f865fbd25708b21454a242bd222f4ac/do-best-ireland-local-citations-submissions.png",30 Local Site Submissions,"I will promote your business locally by submitting manually in best local business directories.

I will provide you detailed report with all the log ins we created.

Also we will not duplicate your already existed business listings.",I will manually submit your business to 30 local business directories for Ireland,10.0
I will optimize google my business page for local SEO gmb ranking,https://www.fiverr.com/ashikrahman42/optimize-google-my-business-for-local-seo-and-gmb-ranking?context_referrer=subcategory_listing&source=pagination&ref_ctx_id=364dcfe87b194542bb50b19024e1a3a0&pckg_id=1&pos=12&context_type=rating&funnel=364dcfe87b194542bb50b19024e1a3a0&imp_id=edb70bb2-66f1-4f7a-acda-712d50a1e798,"https://fiverr-res.cloudinary.com/videos/so_73.966163,t_main1,q_auto,f_auto/wa2hk0sx1ormd9bsvdj1/optimize-google-my-business-for-local-seo-and-gmb-ranking.png",,"Dominate your local market today! I'll optimize your Google Business Profile for maximum local SEO and GMB ranking. I'll make your Google Maps better so more people find you nearby. Get more customers with improved local search rankings!

With my ever-best local SEO strategy, I have successfully ranked many Businesses in their area. The most powerful and effective local SEO strategy on Fiverr!

**Includes:**

* **Fully optimize your Google Business Profile**
* NAP Consistency Check
* GMB page Embed into Website
* **GMB Post Creations(Most Important part)**
* Q&A Creations on the GMB page
* **Secondary category Setup(Highly Valuable)**
* Geo-tagged Image shared
* **Citations Audit**
* Citations Building
* City-specific Citations Building
* Industry-specific Citations Building
* **Web 2.0 backlinks(GMB page Embedding)**
* Social Profile backlinks
* **Google Maps Citations(Based on package-1000, 2000 or 3000 Manually, Driving directions with Maps Backlinks)**

**Benefits:**

* Helps to go in 3 pack
* Increased Local Traffic
* Increased Phone Calls
* Increased Local Marketing
* Increased website ranking

**Why Me:**

* **Years of Working Experience(Since 2017)**
* 100% White Hat SEO
* 100% Manual Work
* **22 Members Experienced Team**
* Maximum Support

**Have Questions?**

**Do Inbox**","**Basic:
GMB Optimizations** See package details Here - https://bit.ly/3AyfdhM",100.0
I will build up to 180 of the best UK local citations to boost seo,https://www.fiverr.com/themckaye/build-60-of-the-best-uk-citations-to-boost-seo?context_referrer=subcategory_listing&source=pagination&ref_ctx_id=364dcfe87b194542bb50b19024e1a3a0&pckg_id=1&pos=13&context_type=rating&funnel=364dcfe87b194542bb50b19024e1a3a0&imp_id=8161f0cd-6e20-4b0a-9816-e2357091d817,"https://fiverr-res.cloudinary.com/images/t_main1,q_auto,f_auto,q_auto,f_auto/gigs/117319739/original/b4d2bbeb2855d3f167e96cd3c7ccb0a59f0aacba/build-60-of-the-best-uk-citations-to-boost-seo.png",,"**The BEST UK Citation Service on Fiverr to BOOST SEO in 2025. Manual Citation placements, logins provided White hat, no software used.**

**Ôªø\*Sites updated for 2025**

**LOOKING FOR PREMIUM CITATIONS? VISIT: https://www.fiverr.com/s/R7G2Pxl**

**Why are local citations so crucial for SEO?**

Google will reference CREDIBLE directories and local listing sites to find out more about a business. If you have key business information listed accurately and consistently across GOOD citation sites, then you are more likely to be viewed as an authority by search engines and in return, rankings rise

**Included:**

**60, 120 or 180 MANUALLY placed citations**

**Login credentials for EVERY site**

**Personalised email set up so that you can see submissions**

**Indexing add-on available for faster results**

**ALL SITES ARE CREDIBLE**

**Full Report Given**

**Will check site to ensure no duplicates**

**PRO TIP BEFORE ORDERING:**

When providing me with your business information, be sure it's the same as your listing on Google business.

**So why use my UK citation service?**

After years of working with businesses across the UK, I have whittled down the thousands of citation sites to just 180 that genuinely make an impact on rankings",**60 Manually Built UK Citations** 60 Manually Built UK Citations to boost SEO with logins for each site,50.0
I will create best UK local citations,https://www.fiverr.com/localseoexpert1/audit-and-create-40-best-uk-local-citations?context_referrer=subcategory_listing&source=pagination&ref_ctx_id=364dcfe87b194542bb50b19024e1a3a0&pckg_id=1&pos=14&context_type=rating&funnel=364dcfe87b194542bb50b19024e1a3a0&imp_id=e7122717-f359-40f3-9ca8-147c512cc8df,"https://fiverr-res.cloudinary.com/images/t_main1,q_auto,f_auto,q_auto,f_auto/gigs/22553567/original/5a9de737daeed301a8a0fdf6539e07f337939031/audit-and-create-40-best-uk-local-citations.jpg",Super Value Package for UK business,"Greetings!

My Name is Mithun and I am having 9 years of experience in SEO field.

**I will create the best UK local citations**

We will submit your business in the best UK local citation sites. We have worked for many local UK businesses and helped them to rank well for their local keywords.

**How we build UK local citations**

A citation is a mention of your business name, address and telephone number on a third party website. We will mention about your business in UK local directories, review sites, industry specific sites, local media sites and more.

**How local citations help your business**

Local citations validate that your business exists at a particular location, and they make your business more relevant when people are searching for the products/services you offer.

We are one of the top Local Citation Experts on Fiverr. Here's why people choose us:

***¬∑¬†Best local citations from UK***

***¬∑¬†100% Manual Work***

***¬∑¬†Affordable pricing***

***. Report with Logins***

***¬∑¬†No duplicate citations***

***. One time Service - No Need Monthly Signups***

***. Most of the listings will be live for lifetime***

Please message me to discuss.",UK Best 60 Local Listing submissions,15.0
"I will skyrocket your local SEO, google maps, and gmb ranking",https://www.fiverr.com/californiaseo_/boost-your-local-seo-google-maps-and-gmb-ranking?context_referrer=subcategory_listing&source=pagination&ref_ctx_id=364dcfe87b194542bb50b19024e1a3a0&pckg_id=1&pos=15&context_type=rating&funnel=364dcfe87b194542bb50b19024e1a3a0&imp_id=1cf91e50-9795-43b8-aeb3-4d49096f82cf,"https://fiverr-res.cloudinary.com/videos/so_0.0,t_main1,q_auto,f_auto/xa9iquk8qnic7aqrbzl8/boost-your-local-seo-google-maps-and-gmb-ranking.png",,"‚≠ê**California Local SEO Expert Ready to Elevate Your Business!**‚≠ê

Did you know that 76% of people who search for local businesses visit them within a day, and 28% of those searches result in a purchase? Elevate your local visibility with a tailored SEO strategy that drives real results. Based in sunny California, I specialize in transforming local search performance to help your business stand out and attract more customers.

**Services Offered:**

GMB Audit

Citation Management

High-Authority Backlinks

Local Listings

Brand Mentions & Social Media

Public Blogs & Web 2.0

Regional Citations

Local Competitor Analysis

Schema Markup Integration

**How It Works:**

I provide hands-on, meticulous optimization and strategic backlink placement to ensure your business gains the local spotlight it deserves.

Ready to leverage local SEO and outperform your competitors? Contact me today to kick-start your journey to increased visibility and success!

**Disclaimer:** While specific rankings cannot be guaranteed, my services are designed to significantly enhance traffic and improve local search performance over time.",**Local SEO Lite (Starter)** Local SEO + GMB Audit + Citation (5) + High-Authority Links (20) + Keyword Research,145.0
I will do 350 USA local citations and directory submission for local SEO,https://www.fiverr.com/faisi_seo001/do-350-usa-local-citations-and-directory-submission-for-local-seo?context_referrer=subcategory_listing&source=pagination&ref_ctx_id=364dcfe87b194542bb50b19024e1a3a0&pckg_id=1&pos=19&context_type=rating&funnel=364dcfe87b194542bb50b19024e1a3a0&imp_id=721acfdc-babc-4f1d-80c9-8bb66e88440c,"https://fiverr-res.cloudinary.com/images/t_main1,q_auto,f_auto,q_auto,f_auto/gigs/330487970/original/f12a1db00d5cfbcc13b40ab32c4f017156ba5b63/do-350-usa-local-citations-and-directory-submission-for-local-seo.png",BASIC,"Local citations \* SEO \* Business listing \* Directory submission \* GMB ranking

A local directory submission and Citations service is the best method of increasing traffic to a specific website.

Would you like to get your business positioned higher than different organizations in your space? Then you should make local citations for your business.

we will submit your business data to Excellent USA local citations that will help you a ton to expand your nearby Web optimization rankings in google search pages and furthermore it will help your GMB Posting in google maps.

**SERVICE¬†Highlights:**

ÔªøNo copies, 100 percent new submission.

Top and excellent citations.

100 percent manual submission.

Quick delivery than expected.

Full report in excel sheet.

100 NAP consistency.

Excellent Local Business Citations.",TOP 50 Local Citations with+login for each listing using & local-IP +Full excel-report,5.0
"I will create 50,000 google map citations manually for gmb ranking and local SEO",https://www.fiverr.com/ronibiswas123/create-50-000-google-map-citations-manually-for-gmb-ranking-and-local-seo?context_referrer=subcategory_listing&source=pagination&ref_ctx_id=364dcfe87b194542bb50b19024e1a3a0&pckg_id=1&pos=20&context_type=rating&funnel=364dcfe87b194542bb50b19024e1a3a0&seller_online=true&imp_id=67e88412-5879-44d9-bf9f-7da122647ce1,"https://fiverr-res.cloudinary.com/images/t_main1,q_auto,f_auto,q_auto,f_auto/gigs/436933047/original/f883093cc0b072314931b9f9ec16a76809fe8ce0/create-50-000-google-map-citations-manually-for-gmb-ranking-and-local-seo.jpeg",,"Youll never miss a single local customer/client searching for your business with my **Google Map Citation** services.

As a **Local SEO Specialist** with **12+ years of experience**,I can create and submit Google Map citations for your business within your local service area (radius varies by package) to boost your visibility on Google Maps.

Each pin is **manually created** and **strategically placed** on Google Map, with **targeted keywords** and **business details** that match your GBP. I also include **geo-tagged data** and **map embeds** where applicable to reinforce your location relevance.

**Benefits:**

* Appear Top in Google Maps and the Local 3-Pack
* Enjoy More Web and Foot Traffic
* Get More Calls and Leads
* Build a Loyal Fan Base
* Have More Positive Reviews

**Why Me:**

* White-Hat SEO Only
* 100% Manual Work
* Keyword Optimization
* Perfect NAP Consistency
* All Countries Are Accepted
* Local & Global Targeting

**What You Need to Provide:**

* Targeted Keywords
* Business Details
* GMB Profile Link
* Targeted Range (In Miles)

**I Also Offer:**

* Google Business Profile Setup & Optimization
* Local SEO Audit
* Local Citation Building
* Geotagging for Accurate Location Mapping
* Local Reputation Management

**Note:** Please contact me before placing an order","**üü¢ Starter Reach** 10 Miles radius, 5000 Google Map citations, targeting 10 local keywords for improved visibility.",20.0
"I will do 21,500 google maps citations for gmb ranking and local SEO",https://www.fiverr.com/ashikrahman42/do-5000-google-maps-citations-for-gmb-ranking-and-local-seo?context_referrer=subcategory_listing&source=pagination&ref_ctx_id=364dcfe87b194542bb50b19024e1a3a0&pckg_id=1&pos=21&context_type=rating&funnel=364dcfe87b194542bb50b19024e1a3a0&imp_id=db59f6f9-b844-438d-8730-2a4eff9525fa,"https://fiverr-res.cloudinary.com/videos/so_69.056145,t_main1,q_auto,f_auto/yppburnvgoso6kwyjjns/do-5000-google-maps-citations-for-gmb-ranking-and-local-seo.png",,"Boost your business with top (Google Business Profile) GMB ranking and local SEO. Enhance online visibility, appear in local searches, and attract nearby customers. Optimize GMB profile, local keywords, citations, and website for maximum impact.

**With this gig, you'll receive:**

* A deep local SEO strategy tailored for your business
* High-quality citations, backlinks, and map embeds to strengthen your local authority

**Basic: $30**

* 3,000 Google Maps Citations
* 30 Local Citations
* 30 Social Profile Backlinks
* 10 Web 2.0 Backlinks (Map Embedding)
* 10 Maps Backlinks
* 10 Keywords Optimized
* Target Area: 20-25 Miles

**Advanced $80**

* 9,000 Google Maps Citations
* 50 Local Citations
* 50 Social Profile Backlinks
* 20 Web 2.0 Backlinks (Map Embedding)
* 15 Maps Backlinks
* 15 Keywords Optimized
* Target Area: 40-50 Miles

**Premium (Recommended) $135**

* 16,000+ Google Maps Citations
* 100 Local Citations
* 100 Social Profile Backlinks
* 30 Web 2.0 Backlinks (Map Embedding)
* 20 Maps Backlinks
* 20 Keywords Optimized
* Target Area: 80-100 Miles

**Premium Indexing for all Packages**

**Why Me:**

* Years of working Experience(since 2017)
* 100% White Hat SEO & Manual Work
* Detailed Report with Live Links

Have Questions?

Do Inbox. Love to hear","**Basic SEO Plan** (20-25 Miles) 3,000 Maps Citation + 30 Local Citation + 30 Profile Backlink+ 10 web 2.0 + Map Embed",30.0
"I will do 99,900 google maps citations for gmb ranking and local SEO 1st page",https://www.fiverr.com/amara38/58-600-square-google-maps-for-gmb-optimization-and-local-seo?context_referrer=subcategory_listing&source=pagination&ref_ctx_id=364dcfe87b194542bb50b19024e1a3a0&pckg_id=1&pos=22&context_type=rating&funnel=364dcfe87b194542bb50b19024e1a3a0&seller_online=true&imp_id=2403649b-6943-406b-a3fc-58af4bd9cb45,"https://fiverr-res.cloudinary.com/images/t_main1,q_auto,f_auto,q_auto,f_auto/gigs/419839533/original/5f027c893a78129a01cf8519d78297070bb8147a/58-600-square-google-maps-for-gmb-optimization-and-local-seo.png","12,900+ Google Maps Citations","Buy this Super Gig to Dominate Your Google My Business 3 Map Pack

100% Guaranteed to boost you up the local listing 3 pack.

**Google Maps Citations Help Boost Your Local Business Ranking in Search Engines.**

Getting ranked on **Search Engines** can be challenging, but its absolutely possible with the right strategy. I will Perform Local SEO to help your business appear on the first page of Google and attract high quality traffic to your **Google My Business** (**GMB**) profile. Local SEO is a powerful digital marketing technique that increases the visibility of your business in your area, making it easier for nearby customers to find you when they search for your products or services online.

Let me take care of your business or product optimization, so you can enjoy more visibility, higher traffic, and better local rankings. Youll also **get SEO backlinks** that target your website or GMB to improve keyword rankings.

**What types of Backlinks do you provide?**

Maps Citations, Wiki, Profiles, PDFs, Web 2.0, Stacking, Etc

**Benefits of our service:**

1. **Boost trust**
2. **Rank Top 3 on Google**
3. **Get More Local Traffic**
4. **Calls, and Customers**
5. **Improve SEO & grow your business fast!**

***Lets get started place your order now!!***","12,900 Map Citations + 20 Links + 10 Directions + 45 Miles Radius",5.0
"I will google map citations, local SEO for website and gmb ranking",https://www.fiverr.com/khzahid75/manually-create-200-point-google-map-listing-aaa-seo?context_referrer=subcategory_listing&source=pagination&ref_ctx_id=364dcfe87b194542bb50b19024e1a3a0&pckg_id=1&pos=23&context_type=rating&funnel=364dcfe87b194542bb50b19024e1a3a0&imp_id=d5af895a-0987-4459-ae53-989373990c80,"https://fiverr-res.cloudinary.com/images/t_main1,q_auto,f_auto,q_auto,f_auto/gigs/53861329/original/9955c33344416afc818b78542d38d90b833ad56f/manually-create-200-point-google-map-listing-aaa-seo.jpg",,"~ **100% Manual and Hand Made work, No Automatic System ~**

I am Zahid a detail-oriented and honest person. I will do Local citations, and directory submissions with Google Maps citations for website and GMB ranking. We know local citations with Google Maps help boost GMB and Google ranking on the first page. I will build 20 to 70 Radius miles area with different Local Markers from your address all pointing to your business.

**Benefits of this Service :**

* Quality Local Citioans for Local Businesses
* 100% NAP on Google Maps
* Help your Business address show up on Google Map
* Perfect indexing
* GEO-tagged image
* **Google Penguin, Panda, and Hummingbird safe**

**Information Need**

* Business Name
* Full Address
* Website URL
* Business Phone Number
* Category
* Main keyword
* Business description
* Image/logo
* GMB page URL

**Process :**

* First, send the order
* Please send us your business details.
* After work, I will send you an Excel report or Google sheet with active links.

**OBJECTIVE**

My main objective is client satisfaction. I'll reply as soon as possible. So, give me a chance, I will provide you with my best work. I think It will be one of your best investments.",**BASIC** 1000 google Map Citations | 30 Local citations | 20 High (DA 80+ Backlinks) 10 Web 2.0 | All Manual,25.0
I will do 300 USA local citations and directory submission,https://www.fiverr.com/citations_team4/do-top-300-usa-local-business-listing-citation-websites?context_referrer=subcategory_listing&source=pagination&ref_ctx_id=364dcfe87b194542bb50b19024e1a3a0&pckg_id=1&pos=24&context_type=rating&funnel=364dcfe87b194542bb50b19024e1a3a0&imp_id=a2eafae1-06bf-4b30-aeed-8b5197c888a6,"https://fiverr-res.cloudinary.com/images/t_main1,q_auto,f_auto,q_auto,f_auto/gigs/339787339/original/515f187f43b76eb5c6a2b59bab395b4d13f67e9b/do-top-300-usa-local-business-listing-citation-websites.jpg",Top 50 live USA local citations,"Want to **boost your businesss** **online presence** and local visibility across the **USA**? I will manually list your business on the **top 300 USA local citation directories**, ensuring your **NAP (Name, Address, Phone)** is accurate and consistent across all major platforms.

**Local citations** are a key foundation for strong **local SEO**, helping search engines recognize and trust your business information.

**What's Included in This Service:**

* Ô∏èManual submission to **300 top USA directories**
* Ô∏èAccurate and consistent **NAP (Name, Address, Phone)**
* Ô∏èComplete listings with your **website link, business description, hours, and categories**
* Ô∏èSubmission to trusted platforms like **Manta, Foursquare, Hotfrog, EZlocal**, and more
* Detailed report with **live listing URLs** and login details

**Ideal For:**

**Local businesses** and startups

**Service providers** (plumbers, dentists, salons, etc.)

**Freelancers** and **agencies** managing local clients

**Place your order to get your business properly listed on top USA directories.**",Manual submissions + NAP consistency + Comprehensive Excel report with live links and login details,5.0
I will put business on 340 USA local citations directories for local SEO,https://www.fiverr.com/talhashafaqat/put-business-on-340-usa-local-citations-directories-for-local-seo?context_referrer=subcategory_listing&source=pagination&ref_ctx_id=364dcfe87b194542bb50b19024e1a3a0&pckg_id=1&pos=25&context_type=rating&funnel=364dcfe87b194542bb50b19024e1a3a0&seller_online=true&imp_id=eae470dc-b8bc-4fdd-a3b0-3b1520f9f9e6,"https://fiverr-res.cloudinary.com/images/t_main1,q_auto,f_auto,q_auto,f_auto/gigs/417040501/original/1d6f8c25560aab4f2d8f2d3ae671de7d949c3eb0/put-business-on-340-usa-local-citations-directories-for-local-seo.png",100 Local Citations,"**Boost Your Local Google Rankings with Local Citations & Business Listings!**

Local citations are important for Local SEO and play a key role in local search results. They help get your local business and services in front of the right people. Citations are essential for improving both your website's and Google My Business listing's visibility and ranking.

We will list your business on trusted sites like Yelp, Foursquare, Manta, and Hotfrog, ensuring everything is consistent with your local IP, NAP (Name, Address, and Phone number). Additionally, we have access to niche directories and will include these specialized citations in your local listing wherever possible.

Once the work is complete, we will send you a full report that includes the citation links and login details. This will allow you to make any changes to your business information if needed.

Gig

**Disclaimer:** I can't guarantee specific rankings in search results, But I guarantee to use the best SEO techniques and methods. however, these Local citations work will positively impact on your business.",100 TOP Citations | Manual Submission | NAP Consistency | Login Credentials | Using Social Links,10.0
I will create best google local SEO strategy to dominate your niche,https://www.fiverr.com/baktmarketing/create-best-google-local-seo-strategy-to-dominate-your-niche-0709?context_referrer=subcategory_listing&source=pagination&ref_ctx_id=364dcfe87b194542bb50b19024e1a3a0&pckg_id=1&pos=4&context_type=rating&funnel=364dcfe87b194542bb50b19024e1a3a0&imp_id=13e99556-b7d1-4583-9ea4-7497e9550e22,"https://fiverr-res.cloudinary.com/images/t_main1,q_auto,f_auto,q_auto,f_auto/gigs/167572235/original/4f9d4f0e11ab6c79c1734632a23e5f27c4e41cd8/create-best-google-local-seo-strategy-to-dominate-your-niche-0709.jpg",Gold,"**Buy** **This #1 Gig** to **DOMINATE Your Local SEO** - **Google Love is the #1 !!**

We have **successfully ranked local businesses** in our **Midwest market**, and now we want to help you **rank in your market**. We have crafted a **'recipe'** that when we add the **right ingredients**, the **right way**, the **result** is a **ranking boost** that is fast and **lasts**. We call this recipe **""Google Love"".**

What is **Google Love**? It's the **ranking boost** result we get for your business. We add this and **watch your ranking grow**.

**100% Guaranteed Boost to Your Local Map Pack Ranking**

We offer 3 packages:

**Gold**

1 GMap w/ 1500 map points

50 High DA Citations

5 G-Authority Stack

**Platinum**

1 GMap w/ 6500 map points + driving directions

150 High DA Citations

10 G-Authority Stack

50 SEO high DA SEO BackLinks

**w/ Google Love**

**Diamond - RECOMMENDED for DOMINATION**

1 GMap w/ 14000 map points + driving directions

300 BEST Citations

20 G-Authority Stack

200 SEO high DA BackLinks

**w/Google Love**

With any recipe, anyone can mix it, but to make it the right way w/ Love requires knowing what to add and when.

**Your business** deserves a serving of **Google Love**. Let us serve you.","GMap w/1500 map points
50 High DA Citations
5 G-Authority Stack",85.0
I will do top germany local citations,https://www.fiverr.com/super_citation7/provide-you-top-200-germany-citations-and-business-listing-for-local-seo?context_referrer=subcategory_listing&source=pagination&ref_ctx_id=364dcfe87b194542bb50b19024e1a3a0&pckg_id=1&pos=8&context_type=rating&funnel=364dcfe87b194542bb50b19024e1a3a0&seller_online=true&imp_id=73dd4fb4-e319-49f5-b590-5bf5ea613573,"https://fiverr-res.cloudinary.com/images/t_main1,q_auto,f_auto,q_auto,f_auto/gigs/270613050/original/bac81ca0e33d2fa01ed9694676d6f43df287b3a5/provide-you-top-200-germany-citations-and-business-listing-for-local-seo.png",,"Do you want to get your Business rank compared to other Businesses in your area?

Then this gig is surely right for you.

Local citations/Listings manual and quality backlinks that help increase traffic, boost rankings and builds authority.¬†Because with many years of local SEO experience I know exactly what kind of manual backlinks do, it takes to very faster increase your online visibility.

100% manual work and high quality Germany local citation¬†for your local business ranking, so you only need to do local citation or listings for your business.

Why would you buy this services:

* 100% NAP Constant for all citations.
* 100% Permanent and Authority Live Links.
* 100% White hat and manually submitted work.
* Will Never duplicate Posting.
* All countries accepted.
* Fast delivery than expected.
* 100% Customers Satisfaction.
* Full reports With in excel Sheet.
* 24Hours service and support.

Why you waiting for....... Just "" **Order Now ""** And Get Best Service For Your Business.",**SILVER -** 70 Top Germany Local Citations,10.0
I will fix and reinstate suspended google my business profile,https://www.fiverr.com/mia_leah/manage-your-crowdfunding-kickstarter-indiegogo-gofundme-campaign?context_referrer=subcategory_listing&source=pagination&ref_ctx_id=364dcfe87b194542bb50b19024e1a3a0&pckg_id=1&pos=16&context_type=rating&funnel=364dcfe87b194542bb50b19024e1a3a0&seller_online=true&imp_id=7ba658e0-c437-4adb-b309-56b8d73ae5e3,"https://fiverr-res.cloudinary.com/images/t_main1,q_auto,f_auto,q_auto,f_auto/gigs/409984933/original/1bbfc5b5b188e4ce10e6e053859cd4ad7b605000/manage-your-crowdfunding-kickstarter-indiegogo-gofundme-campaign.png",Reinstate GMB that Not Appealed Yet,"**Is Your Google My Business Profile Suspended or Disabled? Don't Worry I'm Here to Help!**

If your Google My Business (GMB) profile has been suspended or disabled, I can help reinstate it by fixing the quality issues and policy violations that caused the suspension.

**What I Offer:**

* GMB Profile Reinstatement
* Fix Soft and Hard Suspensions
* Remove Google Policy Violations
* Correct Quality Issues
* Eliminate Errors & Duplicates from Your Profile
* Create and Optimize New GMB Listings for Better SEO & Ranking

**Note:** This service is only for authentic and verified GMB profiles. You must have a physical store, office, or government-issued documents to qualify.

**Types of Suspensions I Can Handle:**

* Soft Suspension (Business still shows in search, but limited access)
* Hard Suspension (Listing removed due to quality issues)
* Disabled Listings
* Duplicate Listing Errors

**Also Available:**

* Ô∏è GMB Listing Creation
* Ô∏è Full GMB Profile Optimization

**Ô∏è Important:** This service is not for profiles that are under verification.

**Please contact me before placing your order. Im happy to answer any questions.**

**Lets get your business back on the map!**",Reinstate appeal and fixing quality issues with suspended GMB that not yet appealed,95.0
"I will optimize google my business page for local SEO, gmb ranking, maps citations, gbp",https://www.fiverr.com/hosneara_seo/do-22000-google-maps-citations-for-gmb-ranking-local-seo-business-optimization?context_referrer=subcategory_listing&source=pagination&ref_ctx_id=364dcfe87b194542bb50b19024e1a3a0&pckg_id=1&pos=18&context_type=rating&funnel=364dcfe87b194542bb50b19024e1a3a0&imp_id=6f7a448e-53e5-4f48-8453-78f49e8c87f8,"https://fiverr-res.cloudinary.com/videos/so_71.099637,t_main1,q_auto,f_auto/jeprmgkzta9d3qdqjg0v/do-22000-google-maps-citations-for-gmb-ranking-local-seo-business-optimization.png",,"**Looking to improve your local search rankings?**

Our **6+ years of experience** in **Local SEO** can help your business stand out on Google Maps and attract more customers.

We specialize in **Google Business Profile (GMB)** optimization and **maps citations**, using 100% white-hat methods tailored to your business needs. Our strategies are ultra-safe, effective, and designed to deliver sustainable growth.

**Here is what we offer:**

**Basic:**

1. Coverage: 15-mile radius
2. 1000 High-Quality Map Citations
3. 15 Premium Web 2.0 Backlinks
4. 15 High-quality Profile Back,links

**Standard:**

1. Coverage: 20-mile radius
2. 3000 High-Quality Map Citations
3. 70 Premium Web 2.0 Backlinks
4. 70 High-quality Profile Back,links

**Rank Booster:**

1. Coverage: 100-mile radius
2. 6000 High-Quality Map Citations
3. 200 Premium Web 2.0 Backlinks
4. 200 High-quality Profile Back,links
5. More Advanced On-Page Optimization

Whether you're in a competitive industry or just starting, we're here to help your business thrive locally. So, don't worry anymore, Lets get started today!","**Starter Growth** Coverage 15 Miles radius, 1500 High-Authority Map Citations, 20 Backlinks, 6 Targeted Keywords",15.0
I will be your local SEO agency for google maps ranking,https://www.fiverr.com/mamunjuel1/do-local-seo-for-google-3-packs-ranking?context_referrer=subcategory_listing&source=pagination&ref_ctx_id=364dcfe87b194542bb50b19024e1a3a0&pckg_id=1&pos=26&context_type=rating&funnel=364dcfe87b194542bb50b19024e1a3a0&imp_id=079abec0-4950-4461-a4e1-523818bdccc9,"https://fiverr-res.cloudinary.com/images/t_main1,q_auto,f_auto,q_auto,f_auto/gigs/127630791/original/2792d5111cfc6d5ececa021a5b2c9b1be1226592/do-local-seo-for-google-3-packs-ranking.png",,"**Dominate Local Search with Advanced Local SEO Service on Fiverr | Get Top Rank on Google Maps!**

Everyone's dream is to get the #1 rank on Google. Take our SEO services and make your dream come true!

Search Engine Optimization is the most vital investment for your website.

We offer the most effective and affordable Local SEO services to increase your business presence on Google Maps search and other search engines like Bing, Yahoo etc.

**Working process:**

-¬†¬†¬†¬†¬†¬†¬†¬†Analysis of your website and GMB Page

-¬†¬†¬†¬†¬†¬†¬†¬†Keywords Research

-¬†¬†¬†¬†¬†¬†¬†¬†Google Business Profile Optimization

-¬†¬†¬†¬†¬†¬†¬†¬†Online Reviews Management: Encourage customers to leave reviews.

-¬†¬†¬†¬†¬†¬†¬†¬†Local Search Promotion and optimization

-¬†¬†¬†¬†¬†¬†¬†¬†Local Content Creation

-¬†¬†¬†¬†¬†¬†¬†¬†Local Backlinks

-¬†¬†¬†¬†¬†¬†¬†¬†Local Citations

-¬†¬†¬†¬†¬†¬†¬†¬†On-Page Optimization

-¬†¬†¬†¬†¬†¬†¬†¬†Technical Optimization

-¬†¬†¬†¬†¬†¬†¬†¬†Mobile Optimization

-¬†¬†¬†¬†¬†¬†¬†¬†Schema Markup

-¬†¬†¬†¬†¬†¬†¬†¬†Engage on Social Media

-¬†¬†¬†¬†¬†¬†¬†¬†Monitor and Analyze

Our Advanced Local SEO service will bring your business to the top of Google Maps.

***Order the gig today. Feel free to contact me or request a Zoom call if you have any questions.***",**$120/Month** Please see the details plan here http://bit.ly/maps\_seo,120.0
"I will reinstate, do google business profile verification and fix suspended gmb profile",https://www.fiverr.com/quoironmerriwea/do-google-my-business-profile-verification-gmb-set-up-and-fix-suspended-gmb?context_referrer=subcategory_listing&source=pagination&ref_ctx_id=364dcfe87b194542bb50b19024e1a3a0&pckg_id=1&pos=27&context_type=rating&funnel=364dcfe87b194542bb50b19024e1a3a0&seller_online=true&imp_id=17239aac-d7a7-41a4-b660-b9ead43b77d8,"https://fiverr-res.cloudinary.com/images/t_main1,q_auto,f_auto,q_auto,f_auto/gigs/428673044/original/406eaa1c08fc0b9288fa6b55480af858b36f8695/do-google-my-business-profile-verification-gmb-set-up-and-fix-suspended-gmb.png",,"Your GBP isn't just a listing.

**It's your digital storefront on Google Search, the first impression for customers deciding who to call or trust.**

Struggling with **Google Business Profile verification, suspension, or optimization?** I'm here to help! I specialize in helping you get your business profile issues fixed so you can start showing up where it matters... **on Google.**

**What I Offer:**

* **Create Google Business profile** including step-by-step guidance with **video verification**
* Complete **Google My Business profile verification**
* Reinstatement of suspended or rejected GMB profiles
* Address and business info edits that pass Google checks
* **Full optimization for higher Google Maps visibility**
* Step-by-step assistance until your profile is live and stable

**Why Choose Me?**

After helping **80+ businesses worldwide** with Google Business Profile verification and creation, I know the exact steps to get it done right... **with guaranteed results.** From creating your **Google Maps listing** to verification to optimizing for **local SEO**, I've got you covered.

**Stop letting verification issues hold you back.**

Let's get your business visible, verified, and attracting real customers on Google today.","**GOOGLE BUSINESS PROFILE SETUP** I will create a Google Business profile for a service-based, physical storefront or online business.",150.0
I will gmb reinstate and fix suspended google business profile,https://www.fiverr.com/sahil2050/reinstate-and-fix-suspended-google-my-business?context_referrer=subcategory_listing&source=pagination&ref_ctx_id=364dcfe87b194542bb50b19024e1a3a0&pckg_id=1&pos=28&context_type=rating&funnel=364dcfe87b194542bb50b19024e1a3a0&imp_id=7564f574-ef64-41cf-9ece-533c92fb74d4,"https://fiverr-res.cloudinary.com/images/t_main1,q_auto,f_auto,q_auto,f_auto/gigs/278984503/original/ec54df3b4a9f4c1465cdab0b4807d2dbba35ae11/reinstate-and-fix-suspended-google-my-business.jpg",Strong reinstate GMB request,"**Hello! Welcome to my Suspended Google My Business gig.**

I am Sahil, A Google My Business expert with over 6 years experience. If you are looking to reinstate your suspended (GMB) then you should look no further.

Has your Google My Business (GMB) profile been suspended, impacting your local visibility and customer flow? I specialize in helping businesses reinstate their suspended GMB accounts quickly and effectively.

**With years of experience navigating Googles policies, I offer:**

* A detailed analysis of the suspension reason.
* Customized solutions to address compliance issues.
* Assistance with documentation and appeal submission.
* Step-by-step guidance throughout the reinstatement process.

**Why choose me?**

* Proven success in GMB reinstatement.
* Expert knowledge of Google's guidelines.
* Quick turnaround to minimize downtime.

**Don't let a suspension hurt your business. Whether its a soft or hard suspension, Ill help you recover your GMB listing and restore your online presence. Contact me now for expert assistance!**

(Note: This gig does not violate Google policies. Services are within legal and ethical boundaries.)",If you Didn't Appeal for GBP Reinstatment,100.0
"I will create 14,460 google maps citations for gmb ranking and local SEO",https://www.fiverr.com/baktmarketing/14-460-google-maps-citations-for-gmb-ranking-and-local-seo?context_referrer=subcategory_listing&source=pagination&ref_ctx_id=364dcfe87b194542bb50b19024e1a3a0&pckg_id=1&pos=29&context_type=rating&funnel=364dcfe87b194542bb50b19024e1a3a0&imp_id=f51a9782-65bb-4f59-9c06-33d1eeb0bd5b,"https://fiverr-res.cloudinary.com/images/t_main1,q_auto,f_auto,q_auto,f_auto/gigs/157463560/original/743c76984395ca18eb89121bf457dbd4cef7218d/14-460-google-maps-citations-for-gmb-ranking-and-local-seo.jpg",,"**Boost** your **Rankings !!! Boost** your **Business !!!**

**We are Local Marketing experts. We will create Google Map Citations to Rank your GMB for Local SEO.**

We have created our¬†**Map Points Maker**¬†that produces our unique '**Citation Blanket**'. We will completely cover your city with local citations. We have been successfully supporting local businesses in our area and we are now offering this service to your local market. **Map Point Maker** can provide complete coverage for your **Maps Citations.**

When done properly, **Google Maps Citations** improve your **Google Ranking** and **GMB Ranking.** Our **'secret sauce'**provides local relevance in a greater area, and **provides¬†10X in proximity.**

This is a one time service - we will not try to sell you monthly optimization. If you would like additional services once we have proven our value, send us a message.

**Our Google Maps citation service is primarily for the U.S.A.**

**For locations outside the USA, please message us prior to submitting your order to ensure our services will meet your needs.**","**GOLD
1400+ Maps Citations** 1400+ Maps Citations +5 SEO Driving Directions on Google Maps
10 mile radius",45.0
I will create best local citations for any country,https://www.fiverr.com/localseoexpert1/create-60-best-denmark-local-citations?context_referrer=subcategory_listing&source=pagination&ref_ctx_id=364dcfe87b194542bb50b19024e1a3a0&pckg_id=1&pos=30&context_type=rating&funnel=364dcfe87b194542bb50b19024e1a3a0&imp_id=ea411a33-d16e-40e1-bc9b-f27352460455,"https://fiverr-res.cloudinary.com/images/t_main1,q_auto,f_auto,q_auto,f_auto/gigs/148359272/original/9195a281a7023017df2b9295e30ab78eb2a03834/create-60-best-denmark-local-citations.jpeg",Best 30 Local Citations,"We will submit your business in best local citation sites. We have worked for many local businesses and helped them to rank well for their local keywords. Our 5 star rating from over 4,000 customers is a reflection of this.

**How we build¬†local citations**

A citation is a mention of your business name, address and telephone number on a third party website. We will mention about your business in

local directories, review sites, industry specific sites, local media sites, social media pages and more by creating profiles on your business name.

**How local citations help your business**

Local citations validate that your business exists at a particular location, and they make your business more relevant when people are searching for the

products/services you offer. Once a citation is indexed, it acts much like a link and can help in boosting local search rankings.

**We are one of the top Local Citation Experts on Fiverr. Heres why people**

**choose us:**

Best local citations

100% Manual listings

Affordable pricing

On time delivery

Double check for existing listing

No duplicate citations

We provide the list of all the submissions we have done along with their

login credentials.",100% Manual Work High Quality Citations Provide you detailed report with all the logins,10.0
I will do top 300 USA live local citations and directory,https://www.fiverr.com/expertseo5/do-200-usa-local-citations-for-your-business-listing?context_referrer=subcategory_listing&source=pagination&ref_ctx_id=364dcfe87b194542bb50b19024e1a3a0&pckg_id=1&pos=31&context_type=rating&funnel=364dcfe87b194542bb50b19024e1a3a0&imp_id=524f0893-ecbe-4455-bbb2-26027760f554,"https://fiverr-res.cloudinary.com/images/t_main1,q_auto,f_auto,q_auto,f_auto/gigs/168265897/original/1fd13fad699d156e84791403d8c88890a98494ec/do-200-usa-local-citations-for-your-business-listing.jpg",50 Top Local Citations,"***Top Quality USA Local Citations Service for USA Local Business SEO***

I have 5 years of experience in¬†**local citation building**¬†and**local SEO.** I have built¬†**local citations**¬†for up to 2000 plus¬†**local businesses in the USA**.

I will list your business in **high PR and high DA business listing sites** only, because Citations from low quality directories can decrease your ranking posting. According to the search engine surveys local citations plays a big role of about (13.6 %). My best service offering you guaranteed Local SEO/Citation for your business.

**Why me!**

**No Tool 100% Manual Work**

**100 % approved listings**

**Check the existing listing**

**No duplicate citations**

**100% Client Satisfaction**

**Top High-Quality USA Local Citations**

**Complete Login Details Report with live links.**

**Benefit Our Services**

**Rank your business google first pages**

**Fast delivery than expected**

**Aid in Search Engine Optimization**

**Verification and Trust**

**Have a Visibility Boost**

**Improve the Reputation of the Business**

**Cost-Effective Business Directories**

**Order NOW! to get your citations report!**

**Thanks!**",I will Add your Business details in 50 Best Live Local Citations 100% Manually.,5.0
I will reinstate and fix suspended google my business profile,https://www.fiverr.com/zahidmaqsood114/reinstate-and-fix-suspended-google-my-business-profile?context_referrer=subcategory_listing&source=pagination&ref_ctx_id=364dcfe87b194542bb50b19024e1a3a0&pckg_id=1&pos=32&context_type=rating&funnel=364dcfe87b194542bb50b19024e1a3a0&imp_id=1b58e0ff-9859-40bf-8a80-c6e462ba5a67,"https://fiverr-res.cloudinary.com/images/t_main1,q_auto,f_auto,q_auto,f_auto/gigs/265698103/original/ce10ed11b21064f2a85f041f24e3709b1ddc9fb8/reinstate-and-fix-suspended-google-my-business-profile.png",Reinstate GMB that Not Yet Appealed,"Are you worried about your **Disabled** and **suspended google my business profile**, don't worry I will reinstate your **GMB profile** and fixing quality issues that causes the business profile suspension.

**I WILL DO:-**

**1.¬†Reinstate GMB Listing.**

**2. Live soft and hard suspension.**

**3. Remove Error.**

**3. Remove Google Policy Violation.**

**4. Correct The Quality Issue.**

**5.New GMB Listing and Optimization for better ranking and SEO.**

Service is only for authentic and verified¬†**google my business profiles**. If you have a physical store, office, or any other government issued documents then you are in the right gig.

Reinstate soft suspension of google my business list gmb

Reinstate Hard suspension (Your listing has been suspended due to quality issues)

Reinstate Disable list

Remove duplicate error from google business profile or GBP listing

So Don't Worry If You need These Services like

* GMB Suspended
* GMB Suspended Due to quality issues
* GMB Disable
* Additionally I can do **GMB listing**, **Optimization**.

Note: This gig is only for suspended and disabled profile not for under verification profiles.

Contact me I will Not Disappoint you.¬†***Just order now!***

***""KINDLY CONTACT WITH ME BEFORE ORDER""***",Strong reinstate appeal and fixing quality issues with suspended GMB that not yet appealed,100.0
"I will do 200 USA local citations, business listings",https://www.fiverr.com/yextcitations/do-200-live-local-citations-business-listing?context_referrer=subcategory_listing&source=pagination&ref_ctx_id=364dcfe87b194542bb50b19024e1a3a0&pckg_id=1&pos=33&context_type=rating&funnel=364dcfe87b194542bb50b19024e1a3a0&imp_id=92644869-10ab-46e5-b6ba-65ddd66334fd,"https://fiverr-res.cloudinary.com/images/t_main1,q_auto,f_auto,q_auto,f_auto/gigs/113398689/original/b8004f798ec0ec2dbd42742912e34562475591e2/do-200-live-local-citations-business-listing.jpg",35 Top Local Citations Manually,"**Do you want to promote your local business in the Google 3 Pack?**

**Do you want your local business to rank higher than other businesses in your area?**

**Do you want to have more local customers?**

A **citation** is an online reference to your Business's Name, Address, and Phone Number (NAP). Like links to your website, G0ogle uses them when evaluating the online authority of your business for G00gle 3 Pack ranking.¬†**Citations are key for local ranking.**

**SERVICE FEATURES¬†!!**

* 100% Constant NAP¬†All Citations.
* 100% Manual Work.
* Local IP
* Yext, Whitespark, and BrightLocal Research.
* Use all information.
* Full Report With Login Detail
* 24/7 Support.

**Benefits¬†of Local Listings | Citations | Directory Submission!!**

Boost Your Go0gle Maps Ranking

Improve Your Local Visibility

Help to Get Found Locally

Get Discovered More

Local listings help you to beat your competitors.

Create Permanent Backlinks.

**Order Now!**",35 Local SEO Citations + Local IP+ Logo Inside Listing + Existing Listing Check+ Social Links,15.0
I will do 350 citations for germany and business directories SEO,https://www.fiverr.com/ibrose__agency/do-350-citations-for-germany-and-business-directories-seo?context_referrer=subcategory_listing&source=pagination&ref_ctx_id=364dcfe87b194542bb50b19024e1a3a0&pckg_id=1&pos=34&context_type=rating&funnel=364dcfe87b194542bb50b19024e1a3a0&imp_id=f47a057f-6fda-4d93-9088-3368039fabdb,"https://fiverr-res.cloudinary.com/images/t_main1,q_auto,f_auto,q_auto,f_auto/gigs/278628777/original/0fa7939dba9dcaa91e6a4510c2542283e91cdac9/do-350-citations-for-germany-and-business-directories-seo.png",SILVER,"**Local citation is extremely essential to improve your business ranking in local exploration results.**

**We're a skillfully expert team of local citations creating.**

**We trust in quality-full citations, for your pleasure. Not only that, but we've done Thousands of GERMANY citations for many GERMANY corporations at a very affordable price.**

**Manual Local Citation Building Service at Fiverr**

Local businesse need to attention on their online existence in order to be found by likely customers.

A strong local online existence is key for any business looking to attract new customers in their area. This includes being listed on Google Maps and other directories, as well as building citations.

IbroseAgency Offers a simple, yet powerful local citation service that helps businesses get registered on the most important directories around the web. We also offer a free discussion to help you generate or improve your local SEO policy.

**What makes exclusive us from other**

¬∑¬†¬†¬†¬†¬†¬†¬†¬†100% Manually Work

¬∑¬†¬†¬†¬†¬†¬†¬†¬†100% Constant NAP

¬∑¬†¬†¬†¬†¬†¬†¬†¬†Niche-specific Directory Sites as well

¬∑¬†¬†¬†¬†¬†¬†¬†¬†Full Reports + login details

**Benefits**

¬∑¬†¬†¬†¬†¬†¬†¬†¬†Growth your local SEO

¬∑¬†¬†¬†¬†¬†¬†¬†¬†Get more leads and customers",I Will Manually List Your Local Business on 40 Germany Directories & Will Provide Log in Details.,5.0
I will do 350 USA local citations and directory submission for local SEO,https://www.fiverr.com/meg_ryan/do-350-local-citations-and-local-directories-submission?context_referrer=subcategory_listing&source=pagination&ref_ctx_id=364dcfe87b194542bb50b19024e1a3a0&pckg_id=1&pos=35&context_type=rating&funnel=364dcfe87b194542bb50b19024e1a3a0&imp_id=6ca3a811-87c6-47e7-8422-65a65bba37a8,"https://fiverr-res.cloudinary.com/images/t_main1,q_auto,f_auto,q_auto,f_auto/gigs/171203664/original/63610b3bba630836239ca1f5d05554128d0e0427/do-350-local-citations-and-local-directories-submission.jpg",60 Top Live local citations using,"Local citations | Local SEO | Local Directories | Directory submission

I will submit your business website company information to top **350 USA local citations** sites that will help you to follow up your **local SEO**¬†rankings in google search page results.

Local citations are very effective way to boost your business locally. I will make top citations for your local business listing. Citations are very useful in boosting your business ranking in Search Engines, like Google. Having a good Citation profile leads to increased visibility, expanded traffic, and will positively effect your domain's Citation Flow (CF) rating, a primary SEO Metric for ranking on search engines.

**SERVICE FEATURES :-**

1. I have **4+ years of experience in this field.**
2. 100% Manual Work, **NAP Constant** for ALL Citations
3. I **care** about accuracy
4. I do not create duplicates
5. Quick response, 24/7 Lifetime support
6. I will try to create much Live local citations As Possible
7. Popular & Recognize sites are used ,like yelp, manta, Angie's List
8. Give you a full report with login information.(Excel File)
9. All Directory submission / Local citations from Local IP address.

**If You Want See My Sample or previous work Report Please Let Me Know.**","60 Top Live local citations using Local IP and add social links, logo....",5.0
I will be your local SEO agency for google maps ranking,https://www.fiverr.com/mamunjuel1/do-local-seo-for-google-3-packs-ranking?context_referrer=subcategory_listing&source=pagination&ref_ctx_id=364dcfe87b194542bb50b19024e1a3a0&pckg_id=1&pos=36&context_type=rating&funnel=364dcfe87b194542bb50b19024e1a3a0&imp_id=283a384c-0915-4547-b4e4-b7837d130438,"https://fiverr-res.cloudinary.com/images/t_main1,q_auto,f_auto,q_auto,f_auto/gigs/127630791/original/2792d5111cfc6d5ececa021a5b2c9b1be1226592/do-local-seo-for-google-3-packs-ranking.png",,"**Dominate Local Search with Advanced Local SEO Service on Fiverr | Get Top Rank on Google Maps!**

Everyone's dream is to get the #1 rank on Google. Take our SEO services and make your dream come true!

Search Engine Optimization is the most vital investment for your website.

We offer the most effective and affordable Local SEO services to increase your business presence on Google Maps search and other search engines like Bing, Yahoo etc.

**Working process:**

-¬†¬†¬†¬†¬†¬†¬†¬†Analysis of your website and GMB Page

-¬†¬†¬†¬†¬†¬†¬†¬†Keywords Research

-¬†¬†¬†¬†¬†¬†¬†¬†Google Business Profile Optimization

-¬†¬†¬†¬†¬†¬†¬†¬†Online Reviews Management: Encourage customers to leave reviews.

-¬†¬†¬†¬†¬†¬†¬†¬†Local Search Promotion and optimization

-¬†¬†¬†¬†¬†¬†¬†¬†Local Content Creation

-¬†¬†¬†¬†¬†¬†¬†¬†Local Backlinks

-¬†¬†¬†¬†¬†¬†¬†¬†Local Citations

-¬†¬†¬†¬†¬†¬†¬†¬†On-Page Optimization

-¬†¬†¬†¬†¬†¬†¬†¬†Technical Optimization

-¬†¬†¬†¬†¬†¬†¬†¬†Mobile Optimization

-¬†¬†¬†¬†¬†¬†¬†¬†Schema Markup

-¬†¬†¬†¬†¬†¬†¬†¬†Engage on Social Media

-¬†¬†¬†¬†¬†¬†¬†¬†Monitor and Analyze

Our Advanced Local SEO service will bring your business to the top of Google Maps.

***Order the gig today. Feel free to contact me or request a Zoom call if you have any questions.***",**$120/Month** Please see the details plan here http://bit.ly/maps\_seo,120.0
I will optimize google my business page for local SEO gmb ranking,https://www.fiverr.com/ashikrahman42/optimize-google-my-business-for-local-seo-and-gmb-ranking?context_referrer=subcategory_listing&source=pagination&ref_ctx_id=364dcfe87b194542bb50b19024e1a3a0&pckg_id=1&pos=37&context_type=rating&funnel=364dcfe87b194542bb50b19024e1a3a0&imp_id=4811e303-6432-475a-afcc-6edb914bbb07,"https://fiverr-res.cloudinary.com/videos/so_73.966163,t_main1,q_auto,f_auto/wa2hk0sx1ormd9bsvdj1/optimize-google-my-business-for-local-seo-and-gmb-ranking.png",,"Dominate your local market today! I'll optimize your Google Business Profile for maximum local SEO and GMB ranking. I'll make your Google Maps better so more people find you nearby. Get more customers with improved local search rankings!

With my ever-best local SEO strategy, I have successfully ranked many Businesses in their area. The most powerful and effective local SEO strategy on Fiverr!

**Includes:**

* **Fully optimize your Google Business Profile**
* NAP Consistency Check
* GMB page Embed into Website
* **GMB Post Creations(Most Important part)**
* Q&A Creations on the GMB page
* **Secondary category Setup(Highly Valuable)**
* Geo-tagged Image shared
* **Citations Audit**
* Citations Building
* City-specific Citations Building
* Industry-specific Citations Building
* **Web 2.0 backlinks(GMB page Embedding)**
* Social Profile backlinks
* **Google Maps Citations(Based on package-1000, 2000 or 3000 Manually, Driving directions with Maps Backlinks)**

**Benefits:**

* Helps to go in 3 pack
* Increased Local Traffic
* Increased Phone Calls
* Increased Local Marketing
* Increased website ranking

**Why Me:**

* **Years of Working Experience(Since 2017)**
* 100% White Hat SEO
* 100% Manual Work
* **22 Members Experienced Team**
* Maximum Support

**Have Questions?**

**Do Inbox**","**Basic:
GMB Optimizations** See package details Here - https://bit.ly/3AyfdhM",100.0
I will google my business profile verification gmb reinstate fix suspended gmb profile,https://www.fiverr.com/norris_roslyn/reinstate-and-fix-suspended-google-my-business-profile-and-listing-setup-gmb?context_referrer=subcategory_listing&source=pagination&ref_ctx_id=364dcfe87b194542bb50b19024e1a3a0&pckg_id=1&pos=38&context_type=rating&funnel=364dcfe87b194542bb50b19024e1a3a0&imp_id=1e30a497-143f-4750-9dee-f9d4de54a202,"https://fiverr-res.cloudinary.com/images/t_main1,q_auto,f_auto,q_auto,f_auto/gigs/439313476/original/15ce6753b7a0b751aba5aebd64a7cfad7093f0d6/reinstate-and-fix-suspended-google-my-business-profile-and-listing-setup-gmb.png",Basic Gmb package,"I specialize in Google My Business (GMB) reinstatement, GMB ranking, suspension appeal, and fixing suspended Google Business Profiles. I also offer complete Google My Business optimization to make sure your GMB listing stands out and ranks higher in local search results.

With my experience, I help businesses follow Googles policies, recover suspended profiles, boost local visibility, and improve online presence. My goal is to make your business easier to find on Google Maps and local search. Whether you're struggling with suspension, verification, duplicates, poor optimization, or low ranking sill handle it professionally

**My service Includes:**

* GMB profile setup
* GMB profile verification
* Reinstatement of suspended GMB profiles
* Full profile optimization
* Local SEO for Maps & ranking improvement
* Duplicate listing removal
* Google Knowledge Panel
* Competitor audit & recommendations
* Reinstatement of suspended GMB listings
* Draft and submit GMB reinstatement appeals
* Troubleshoot and fix GMB issues
* Add services, products, business hours, photos, and more
* Create a strong business description & category optimization

***CONTACT ME NOW AND LET'S GET STARTED WITH YOUR GMB PROJECT!!1***","I will review your suspended GMB/GBP listing, identify the reason for suspension and basic error fix",25.0
I will do 350 google maps citations for local SEO and gmb ranking,https://www.fiverr.com/iamdaani/do-350-map-citations-for-google-local-seo?context_referrer=subcategory_listing&source=pagination&ref_ctx_id=364dcfe87b194542bb50b19024e1a3a0&pckg_id=1&pos=39&context_type=rating&funnel=364dcfe87b194542bb50b19024e1a3a0&imp_id=c066f853-973a-4dc7-8154-d71faa9b789c,"https://fiverr-res.cloudinary.com/images/t_main1,q_auto,f_auto,q_auto,f_auto/gigs/98663100/original/e1722933e82b73fc37096481b8f4aab1c9a93527/do-350-map-citations-for-google-local-seo.png",50 Map Citations,"I will create¬†**350+ Google map citations** which will optimize your go0gle place/business page.

**100% Guaranteed to boost you up the local listing 3 pack.**

Go0gle map citations will help to increase your ranking in your local area or local city.

**\*\*\*\*\*\*All countries are accepted.\*\*\*\*\*\***

This Gig was thought up of by some of the brightest minds in the business, and tailor made for our Awesome Fiverr community.

**If you had just one GIG to choose for your¬†Local SEO¬†this should be it 100%.**

* **100% Manually Guaranteed**
* **Huge Social Signals**
* **Keyword Optimization (give priority than any other seller)**
* **Quality Back-Links¬†for Local SEO**
* **Perfect indexing**

This GIG has been known to drive businesses straight up the local listing¬†3 pack¬†from very low starting points.

**Once this is indexed by¬†GOOGLE¬†it is¬†Unstoppable!**

Think about it **350+ different local places** in your area all pointing to YOU!

**Don't wait, Order Now!**

Getting your business on top locally is very critical to having more customers and more phone calls. Get your business on the top & start getting more customers today !

**Questions?¬†Send me a message!¬†I'd love to hear from you!**",50 Google Map Citations for Local SEO using Local IP,5.0
I will do 16000 google maps citations for gmb ranking and local SEO,https://www.fiverr.com/skaddy11/21000-google-maps-citations-for-local-seo-optimization?context_referrer=subcategory_listing&source=pagination&ref_ctx_id=364dcfe87b194542bb50b19024e1a3a0&pckg_id=1&pos=40&context_type=rating&funnel=364dcfe87b194542bb50b19024e1a3a0&imp_id=7d379c28-206f-439a-8ab7-94d871b475fc,"https://fiverr-res.cloudinary.com/videos/so_6.210543,t_main1,q_auto,f_auto/nix3aeueetf31zwx37l2/21000-google-maps-citations-for-local-seo-optimization.png",Starter Boost Package,"**#1 Local Citation Service by #1 Local SEO Agency**

Are you searching for a local SEO expert with a proven track record in crafting citations? Look no further! I'm Arvind, a specialized local SEO practitioner with extensive experience in generating impactful local citations.

Please contact me before ordering for the best results.

Our service comes with a 100% guarantee to boost your business and we cater to clients from all countries.

**Starter booster package**

2000 Map Citations

4 Driving Directions

Steal 2 competitors traffic

5 High DA Backlinks

**Pro Power Package**

6000 Maps Citations

5 Driving Directions

15 High DA Backlinks

5 competitors traffic stealing

50 miles radius

**Ultimate Domination Package**

16000 Maps Citations

250 miles radius

AI Report about Errors

10 Driving Directions

30 High DA Backlinks

10 competitor traffic stealing

Full advanced on-page optimization

Video call support

**Don't wait, order now! Get your business on top locally, attract more customers, and receive more phone calls!**

**DISCLAIMER : Final Outcome may vary, depending on how old is your listing.**","2000 Map Citations +
4 Driving Directions +
5 High DA Backlinks.",20.0
I will do 350 australia local citations and directory submissions,https://www.fiverr.com/seo_team10/create-aus-local-citations?context_referrer=subcategory_listing&source=pagination&ref_ctx_id=364dcfe87b194542bb50b19024e1a3a0&pckg_id=1&pos=41&context_type=rating&funnel=364dcfe87b194542bb50b19024e1a3a0&imp_id=6c233d14-110a-4a08-ac3c-ae74c09c2843,"https://fiverr-res.cloudinary.com/images/t_main1,q_auto,f_auto,q_auto,f_auto/gigs/445645772/original/d30bde3a197eb4539e3ebe938b38e0b5394cdf51/create-aus-local-citations.jpg",50 Top Australia Local Citations,"**we will do the Top 350, 200, 50 AUS Local Citation for your business.**

**AUS Local Citation Service provider**. We will help you make your business discoverable on¬†Google, Facebook, Yelp,¬†and other local-search platforms. We have¬†**high-quality live links**from trusted sources to build citations for your business, which in turn will boost your ranking and drive more traffic to you.

Shan Gull helps you build citations at a low cost! \* We provide local citation-building services that are simple, fast, and affordable. \* Our mission is to provide businesses with a comprehensive local SEO strategy through our local citation service and other website optimization services.

**Our Service Benefits**

* 100% Satisfied Customers.
* 100% permanent and live links
* 100% Manual work
* Full Reports with login information (Excel File)
* No duplicate listings
* 100% NAP consistency
* NAP Constant for ALL Citations.

Order NOW! to get your citations report today

**Thank you for your time.**",50 Top Australia Local Citations,5.0
I will create 350 australia local citations and business directory listings,https://www.fiverr.com/amin_abdullah/do-350-australia-local-citations-and-directory-submissions?context_referrer=subcategory_listing&source=pagination&ref_ctx_id=364dcfe87b194542bb50b19024e1a3a0&pckg_id=1&pos=42&context_type=rating&funnel=364dcfe87b194542bb50b19024e1a3a0&seller_online=true&imp_id=62c18832-4460-4e62-adfe-709646c5ecac,"https://fiverr-res.cloudinary.com/images/t_main1,q_auto,f_auto,q_auto,f_auto/gigs/140508244/original/dd6e0512b0a299e7cdee0f5f163e38f04bb92372/do-350-australia-local-citations-and-directory-submissions.jpg",40 Top Australia Citations,"**Welcome to My Australia Local Citations Service!**

I'm Amin Abdullah, an SEO specialist with **6+ years of experience** in local business rankings.

I will manually create **high-authority local citations** to help your business appear in **Google Maps and local search results across Australia**.

All submissions are done manually using the most trusted, location-specific directories.

**What Youll Get:**

* 100% Manual Submissions (No automation)
* Top Australia-Specific Directories
* Accurate NAP (Name, Address, Phone)
* Detailed Excel Report with Live URLs

**Why Choose Me?**

* 6+ Years of Experience
* 500+ Positive Fiverr Profile Reviews
* Fast Delivery & Excellent Communication

**Required Information to start citation gig**

Business Name

Full Address

Phone Number

Business Email

Website

Keywords

Description

Logo

**Lets boost your local rankings in Australia place your order now or feel free to message me first! Thank you!!**",I will list your business on 40 AU directories with login details,5.0
"I will do google my business profile verification, create gmb and fix gmb suspension",https://www.fiverr.com/davis_610/do-profitable-kindle-book-promotion-to-generate-purchases-ebook-marketing?context_referrer=subcategory_listing&source=pagination&ref_ctx_id=364dcfe87b194542bb50b19024e1a3a0&pckg_id=1&pos=43&context_type=rating&funnel=364dcfe87b194542bb50b19024e1a3a0&imp_id=4457b918-1e0c-4fdc-a42f-9a1ade9517c9,"https://fiverr-res.cloudinary.com/images/t_main1,q_auto,f_auto,q_auto,f_auto/gigs/432173439/original/b4407f39b2c6215a7ee51713aa884cc49f37af7e/do-profitable-kindle-book-promotion-to-generate-purchases-ebook-marketing.png",,"**Google Business Profile isn't just a listing....** It's the digital front door to your business, that helps you to get the visibility you need to build a successful business.

*46% of all Google searches are looking for a local business.* If your GMB profile is **suspended or unverified**, your business is invisible.

***When your business isn't verified, its like throwing a great party but forgetting to send out invitations. But when you take the simple step to get verified, people are far more likely to choose you.***

**What You'll Receive:**

* **Google Business Profile Setup**
* **Verification Support** Assistance with *postcard, phone, video, or advanced methods (based on eligibility)*
* Suspension Recovery
* Local Keyword Research for Ranking Boost
* Ô∏èManual Follow-Ups with Google for Verification Alternatives
* Ô∏èDirect GMB Video Verification Support
* Local SEO Optimization

**Common GMB Verification Issues I Fix:**

* Lost or delayed postcards
* Address/NAP inconsistencies
* Video verification confusion or rejection
* Limited verification methods
* Suspended profiles

**Why Choose Me**

* Ô∏è100% satisfaction
* Ô∏èFull Support
* Ô∏èClear Communication

**Ready to get found on Google?**

Click **Contact Me** or place your **order now** let's get started!",**GMB SUSPENSION AUDIT** I will do full analysis of your gmb suspension & Identify why it was suspended + Full Audit report,15.0
I will put your business on 350 USA local citations and directories,https://www.fiverr.com/citation_queen/usa-local-citations-and-directories-for-local-seo?context_referrer=subcategory_listing&source=pagination&ref_ctx_id=364dcfe87b194542bb50b19024e1a3a0&pckg_id=1&pos=44&context_type=rating&funnel=364dcfe87b194542bb50b19024e1a3a0&seller_online=true&imp_id=2d92334e-2b4b-462f-aa20-4b3ee6e0ab71,"https://fiverr-res.cloudinary.com/images/t_main1,q_auto,f_auto,q_auto,f_auto/gigs/390934474/original/976d0fc393d78562876d3ee555bd5814ec21e581/usa-local-citations-and-directories-for-local-seo.jpg",SILVER,"**Local citations** are the backbone of **Local SEO** and a key factor in local search rankings. They help your business, services, and products reach targeted customers effectively. Accurate citations play a vital role in boosting the visibility and ranking of your website as well as your Google My Business (GMB) listing.

I will list your business on **high-authority citation sites** such as Yelp, Foursquare, Manta, Hotfrog, and many more. All submissions will be done with local IPs and 100% NAP consistency to ensure maximum SEO benefits. In addition, I have access to niche directories, and wherever possible, Ill include niche-specific citations tailored to your business.

Upon completion, you will receive a detailed report containing all citation links along with login details. Having access to these accounts allows you to easily update or modify your business information whenever needed.

**Gig Requirements (to start your order):**

Company Name

Full Address (Street, City, State, Zip Code)

Company Phone Number

Website URL

Business Categories

Target Keywords

Logo URL

Business Description

Social Media Links

Business Images

Opening Hours

**100% money back promise**",I will do 50 HQ Local Citations and Business Directories with Logins and Excel Report.,5.0
I will 19000 google maps citations for local SEO optimization,https://www.fiverr.com/rankgooglemaps/implement-local-seo-strategy-to-boost-google-maps?context_referrer=subcategory_listing&source=pagination&ref_ctx_id=364dcfe87b194542bb50b19024e1a3a0&pckg_id=1&pos=45&context_type=rating&funnel=364dcfe87b194542bb50b19024e1a3a0&imp_id=a1dbaa5c-7305-4752-ac1b-15f8361feac6,"https://fiverr-res.cloudinary.com/videos/so_0.483333,t_main1,q_auto,f_auto/bb2hyba2aas5skkzwsu2/implement-local-seo-strategy-to-boost-google-maps.png",Basic SEO,"**Great business comes with great marketing**

We use the latest Local SEO strategy to get rank your google maps and increase the overall visibility of your google my business.

With our square¬†Map citation, we cover the local area ranking and also increase the visibility of ""near me"" searches. We completely cover whole city with map citations and helps your business get found in maximum radius.

With more than 12 years of experience we have figured out a secret competitor traffic stealing strategy, this helps your business to outrank your competitors and get their traffic to your google maps listing.

**SELECT YOUR PLAN:**

**1. SILVER PLAN:**

* 800 Map Citations
* 3 Driving Directions
* 5 High DA Backlinks

**2. GOLD PLAN:**

* 6000 Maps Citations
* 5 Driving Directions
* 15 High DA Backlinks
* 3 competitors traffic stealing

**3. RANK BOOSTER PACK**

* 19,000 Maps Citations
* 7 Driving Directions
* 30 High DA Backlinks
* 20 Local Citations Backlinks
* 15 competitor traffic stealing
* Full advanced on-page optimization

**DISCLAIMER\***

Please note: Final results can take some time, depends on your age of listing and level of local competition.

Contact me, if have question-related¬†Google Maps & local SEO",800 Maps Citations + Driving Directions + 20 mile radius,15.0
I will reinstate gmb and fix suspended google my business profile and listing,https://www.fiverr.com/jigneshkadam/reinstate-and-fix-google-my-business-profile-and-listing?context_referrer=subcategory_listing&source=pagination&ref_ctx_id=364dcfe87b194542bb50b19024e1a3a0&pckg_id=1&pos=46&context_type=rating&funnel=364dcfe87b194542bb50b19024e1a3a0&imp_id=7330256a-c8c7-4449-9be3-4c3fa4d4290e,"https://fiverr-res.cloudinary.com/videos/so_53.446421,t_main1,q_auto,f_auto/oss2pfcczs9blkwkyyxs/reinstate-and-fix-google-my-business-profile-and-listing.png",,"**DO NOT PLACE AN ORDER WITHOUT CONTACTING**

Has your Google Business Profile been suspended or removed from Google Maps, leaving your business invisible to potential customers?

Don't worry! Our professional team is here to help you reinstate your Business Profile (GMB) and restore your online visibility

**Why us?**

1. **Experienced Professionals**: Our in-depth knowledge of Google's guidelines and policies enables us to tackle complex reinstatement issues effectively.
2. **Proven Success**: Over the years, we have successfully reinstated numerous Google Business Profiles across various industries
3. **Constant Communication**: We value transparent communication with our clients. Throughout the reinstatement process, you will be regularly updated on the progress of your case, and we will promptly address any queries you may have.
4. **Fast Turnaround**: Time is of the essence when it comes to reinstating your Google Business Profile. Our team is dedicated to working swiftly & efficiently to minimize downtime and get your business back on Google ASAP

**My Expertise:**

1. **Reinstate Google Business Profile**
2. **Resolve Quality issues**
3. **Reinstate Disabled profile**

This service is only available for authentic & verified profiles",**Appeal tool showing ‚ÄòNo Info Found‚Äô** Package for GMB/GBP profile or listing where appeals tool is showing ‚ÄòNo Info Found‚Äô error,100.0
I will help you create your own custom location tag on instagram,https://www.fiverr.com/wladimirpontes/how-to-create-location-on-instagram?context_referrer=subcategory_listing&source=pagination&ref_ctx_id=364dcfe87b194542bb50b19024e1a3a0&pckg_id=1&pos=47&context_type=rating&funnel=364dcfe87b194542bb50b19024e1a3a0&imp_id=15577dfb-486a-4fff-99fc-1f2b0a378ad3,"https://fiverr-res.cloudinary.com/images/t_main1,q_auto,f_auto,q_auto,f_auto/gigs/383176154/original/252eb2e09977127c4a7fef86eba43d23deeb88b0/how-to-create-location-on-instagram.png",Checkin Tag Location on Instagram,"Instagram Tag Location Registration to enable check-in function for your business or any other location you want. To do this, you must have at least an Instagram business account and a Facebook business page for your business.",In this service I will create an Instagram checkin tag location for you to check in to.,50.0
I will optimize your google my business profile,https://www.fiverr.com/randysmccabe/setup-and-optimize-your-google-my-business-profile?context_referrer=subcategory_listing&source=pagination&ref_ctx_id=364dcfe87b194542bb50b19024e1a3a0&pckg_id=1&pos=48&context_type=rating&funnel=364dcfe87b194542bb50b19024e1a3a0&imp_id=dbc270c4-130b-48dc-b9be-4b99e9b10b76,"https://fiverr-res.cloudinary.com/images/t_main1,q_auto,f_auto,q_auto,f_auto/gigs/352783064/original/493fc85a2dc5da0f13c3d76e4295ba8a7529fb66/setup-and-optimize-your-google-my-business-profile.jpg",1 GMB Location,"**Please note:** This service is not for profile setup and/or verification. **I DO NOT OFFER THESE SERVICES**. The focus of this gig is profile optimization.

Enhance your online presence with my professional Google My Business (GMB) profile optimization service. I provide comprehensive support to list your products and services effectively on your GMB profile, helping you enhance visibility, attract more customers, and grow your business.

**Key services include:**

* **FAQs Setup:** Engage customers with well-crafted answers to common questions.
* **Business Categories Research & Implementation:** Ensure your business is categorized correctly for better discoverability.
* **Service Area Research:** Optimize your profile to appear in the right locations.
* **Social Profile Integration:** Strengthen your online presence by linking your social media accounts.
* **Detailed Product & Service Listings:** Showcase what you offer effectively.
* **Keyword Optimization:** Improve local SEO with strategic keyword placement.
* **Professional Business Descriptions (650-750 characters):** Highlight your unique strengths.

I'm here to help your business shine and succeed with a perfectly optimized GMB profile!",I will optimize 1 Google My Business profile,250.0
